City_ID,City,Lat,Lng,Max Temp,Humidity,Cloudiness,Wind Speed,Country,Date
0,edinburgh of the seven seas,-37.0676,-12.3116,285.38,77,96,3.53,SH,1718295943
1,yellowknife,62.456,-114.3525,290.6,56,40,2.06,CA,1718295706
2,adamstown,-25.066,-130.1015,293.01,63,3,4.36,PN,1718295944
3,murzuq,25.9155,13.9184,314.03,6,0,7.52,LY,1718295945
4,iqaluit,63.7506,-68.5145,276.0,81,100,7.2,CA,1718295945
5,manay,7.215,126.5397,297.37,82,92,2.56,PH,1718295946
6,meadow lakes,61.6247,-149.6011,283.14,85,75,0.0,US,1718295947
7,college,64.8569,-147.8028,286.52,85,75,4.63,US,1718295947
8,uturoa,-16.7333,-151.4333,299.49,78,24,7.79,PF,1718295948
9,hasaki,35.7333,140.8333,290.37,87,3,3.33,JP,1718295949
10,gargalianoi,37.0667,21.6333,306.12,51,98,2.84,GR,1718295949
11,jasper,37.2001,-94.3502,302.56,62,0,7.72,US,1718295859
12,solnechnyy,50.7214,136.6319,281.5,96,51,2.5,RU,1718295951
13,hassi messaoud,31.6804,6.0729,311.07,20,90,6.69,DZ,1718295951
14,las tablas,7.7667,-80.2833,303.01,71,85,2.09,PA,1718295952
15,port-aux-francais,-49.35,70.2167,275.65,71,86,8.89,TF,1718295953
16,whitehorse,60.7161,-135.0538,283.2,48,40,1.03,CA,1718295953
17,nova vicosa,-17.8919,-39.3719,299.08,69,58,4.62,BR,1718295954
18,oyama,36.3,139.8,297.36,67,37,1.23,JP,1718295954
19,codrington,-38.2667,141.9667,280.04,78,100,3.83,AU,1718295955
20,ushuaia,-54.8,-68.3,276.94,93,100,7.72,AR,1718295675
21,anadyr,64.75,177.4833,275.43,100,75,2.0,RU,1718295956
22,minas de marcona,-15.2119,-75.1103,290.92,54,18,3.17,PE,1718295957
23,bethel,41.3712,-73.414,302.23,51,0,2.57,US,1718295957
24,blackmans bay,-43.0167,147.3167,279.67,93,99,2.88,AU,1718295958
25,weno,7.4515,151.8468,299.12,89,100,1.54,FM,1718295959
26,margaret river,-33.95,115.0667,285.25,76,51,0.94,AU,1718295959
27,sanming,26.2486,117.6186,295.77,98,83,1.18,CN,1718295960
28,waitangi,-43.9535,-176.5597,282.49,72,78,6.67,NZ,1718295961
29,phan thiet,10.9333,108.1,301.24,78,33,0.21,VN,1718295961
30,puerto ayora,-0.7393,-90.3518,300.13,81,44,2.24,EC,1718295962
31,meadow lake,34.8014,-106.5436,306.95,25,1,5.59,US,1718295962
32,dornakal,17.45,80.1667,300.22,71,100,4.88,IN,1718295963
33,grytviken,-54.2811,-36.5092,272.63,98,100,6.32,GS,1718295963
34,thompson,55.7435,-97.8558,283.24,43,20,2.57,CA,1718295763
35,ust'-ilimsk,58.0006,102.6619,288.39,78,86,0.89,RU,1718295965
36,atar,20.5169,-13.0499,315.79,10,43,4.59,MR,1718295965
37,inhambane,-23.865,35.3833,294.14,73,40,1.54,MZ,1718295966
38,kodiak,57.79,-152.4072,281.88,81,100,3.09,US,1718295966
39,iskateley,67.6803,53.1512,288.72,64,100,4.92,RU,1718295670
40,bredasdorp,-34.5322,20.0403,286.15,89,17,2.45,ZA,1718295967
41,east london,-33.0153,27.9116,286.67,88,0,1.03,ZA,1718295910
42,cidreira,-30.1811,-50.2056,296.4,60,100,3.17,BR,1718295969
43,usinsk,65.9939,57.5281,289.86,76,99,4.02,RU,1718295850
44,praia da vitoria,38.7333,-27.0667,299.29,69,40,6.8,PT,1718295970
45,aistala,23.18,88.58,304.01,76,100,8.12,IN,1718295971
46,midvagur,62.0511,-7.1939,284.61,66,40,9.26,FO,1718295972
47,leh,34.1667,77.5833,283.49,32,5,2.69,IN,1718295972
48,albany,42.6001,-73.9662,300.75,56,95,1.11,US,1718295797
49,aasiaat,68.7098,-52.8699,273.98,82,97,2.32,GL,1718295974
50,vadso,70.0744,29.7487,281.64,81,40,6.69,NO,1718295974
51,nowa sol,51.8033,15.717,292.55,50,97,1.33,PL,1718295975
52,nelson bay,-32.7167,152.15,287.04,86,100,0.45,AU,1718295976
53,udachny,66.4167,112.4,287.84,79,100,7.58,RU,1718295850
54,dokuchayevs'k,47.7477,37.6738,300.4,35,0,5.54,UA,1718295977
55,invercargill,-46.4,168.35,279.27,98,100,4.92,NZ,1718295978
56,dzitbalche,20.3167,-90.05,305.51,54,100,1.85,MX,1718295979
57,dunedin,-45.8742,170.5036,280.26,97,100,0.98,NZ,1718295980
58,butte,39.6499,-121.5677,300.92,48,0,2.13,US,1718295980
59,wailua homesteads,22.0669,-159.378,296.59,83,40,5.14,US,1718295981
60,stettler,52.3168,-112.7186,287.45,64,1,5.45,CA,1718295982
61,petropavlovsk-kamchatsky,53.0452,158.6483,281.18,90,100,4.47,RU,1718295982
62,west island,-12.1568,96.8225,300.14,89,100,6.17,CC,1718295983
63,sao gabriel da cachoeira,-0.1303,-67.0892,302.04,79,75,2.06,BR,1718295983
64,puerto aysen,-45.4,-72.7,281.63,99,100,1.28,CL,1718295880
65,kohima,25.6667,94.1167,293.03,98,100,1.39,IN,1718295984
66,saint-philippe,-21.3585,55.7679,297.92,89,100,10.07,RE,1718295985
67,tofol,5.3248,163.0078,301.65,72,100,2.8,FM,1718295986
68,hawaiian paradise park,19.5933,-154.9731,294.28,94,100,2.06,US,1718295987
69,gillette,44.2911,-105.5022,296.3,25,0,2.57,US,1718295987
70,carnarvon,-24.8667,113.6333,293.74,59,77,6.1,AU,1718295988
71,juan griego,11.0817,-63.9655,303.37,60,98,5.38,VE,1718295989
72,callao,-12.0667,-77.15,297.83,77,100,4.12,PE,1718295990
73,isafjordur,66.0755,-23.124,290.17,45,0,4.12,IS,1718295990
74,borzya,50.3833,116.5167,283.48,77,37,3.37,RU,1718295991
75,privolzhsk,57.3808,41.2886,293.21,95,80,3.59,RU,1718295992
76,afaahiti,-17.75,-149.2833,296.08,83,94,7.58,PF,1718295993
77,rouissat,31.9243,5.3502,311.19,17,74,8.23,DZ,1718295993
78,geraldton,-28.7667,114.6,286.38,88,0,1.54,AU,1718295804
79,bereznik,62.8551,42.7072,288.39,71,100,0.61,RU,1718295995
80,fale old settlement,-9.3852,-171.2468,301.68,75,78,5.79,TK,1718295995
81,bajina basta,43.9708,19.5675,295.54,81,62,3.34,RS,1718295996
82,port lincoln,-34.7333,135.8667,287.07,88,95,4.88,AU,1718295997
83,san antonio de pale,-1.4014,5.6325,298.56,85,99,5.13,GQ,1718295998
84,port mathurin,-19.6833,63.4167,297.09,77,95,12.13,MU,1718295998
85,lebu,-37.6167,-73.65,286.15,90,100,8.96,CL,1718295981
86,mammoth lakes,37.6485,-118.9721,295.01,42,0,0.45,US,1718295727
87,northam,51.0333,-4.2167,286.85,90,100,12.82,GB,1718296000
88,muli,2.9167,73.5667,301.89,78,63,5.28,MV,1718296000
89,lihue,21.9789,-159.3672,296.92,76,40,5.14,US,1718296001
90,mineiros,-17.5694,-52.5511,301.1,27,0,5.89,BR,1718295947
91,hadibu,12.65,54.0333,303.01,62,39,5.41,YE,1718296003
92,port alfred,-33.5906,26.891,287.14,83,0,1.8,ZA,1718296003
93,ola,59.5833,151.2833,284.9,87,13,0.47,RU,1718296004
94,stanley,54.868,-1.6985,284.42,83,75,3.6,GB,1718295803
95,colonia,50.9333,6.95,294.8,36,0,3.09,DE,1718295746
96,atafu village,-8.5421,-172.5159,301.93,76,76,4.48,TK,1718295822
97,san patricio,28.017,-97.5169,306.2,55,0,0.76,US,1718296007
98,howrah,22.5892,88.3103,305.15,84,40,3.09,IN,1718296008
99,galveston,29.3669,-94.9669,305.95,78,40,3.09,US,1718295975
100,quang ngai,15.1167,108.8,299.81,85,100,1.46,VN,1718296010
101,haiku-pauwela,20.9219,-156.3051,295.51,76,20,6.26,US,1718296011
102,mount gambier,-37.8333,140.7667,279.24,79,100,2.09,AU,1718296011
103,namibe,-15.1961,12.1522,296.68,56,0,3.35,AO,1718296012
104,camapua,-19.5314,-54.0439,305.29,20,0,7.0,BR,1718296013
105,papatowai,-46.5619,169.4708,279.99,89,100,1.22,NZ,1718296013
106,kamiiso,41.8167,140.65,291.36,88,100,2.06,JP,1718296014
107,kodinsk,58.6881,99.1844,290.06,70,61,0.57,RU,1718296014
108,oroqen zizhiqi,50.5667,123.7167,283.76,98,100,1.75,CN,1718296015
109,saint george's,12.0564,-61.7485,303.97,70,20,6.69,GD,1718296016
110,natal,-5.795,-35.2094,304.51,62,40,5.66,BR,1718295844
111,puerto lempira,15.2667,-83.7667,304.23,66,40,1.03,HN,1718296017
112,nemuro,43.3236,145.575,281.94,98,100,4.86,JP,1718296018
113,taulaga,-11.0553,-171.0883,301.42,78,92,5.24,AS,1718296019
114,sinabang,2.4803,96.3801,300.46,80,99,1.86,ID,1718296019
115,ilulissat,69.2167,-51.1,275.16,87,75,2.57,GL,1718296020
116,cabo san lucas,22.8909,-109.9124,301.27,81,75,2.06,MX,1718296021
117,kiffa,16.6166,-11.4045,315.16,17,36,5.34,MR,1718296021
118,kamien pomorski,53.9685,14.7726,290.35,59,21,3.14,PL,1718296022
119,ribeira grande,38.5167,-28.7,297.37,78,75,4.63,PT,1718296023
120,grootfontein,-19.5667,18.1167,293.91,19,0,2.57,NA,1718296024
121,ryotsu-minato,38.0833,138.4333,291.54,92,6,1.6,JP,1718296024
122,jayapura,-2.5333,140.7,296.81,93,89,0.7,ID,1718296025
123,saipan,15.1355,145.701,301.54,78,40,5.66,MP,1718296026
124,rio verde,21.9333,-99.9833,301.55,44,100,1.89,MX,1718295775
125,along,28.1667,94.7667,295.48,97,99,0.19,IN,1718296027
126,tolanaro,-25.0319,46.9987,294.19,94,75,2.06,MG,1718296028
127,keflavik,64.0049,-22.5624,288.1,87,100,13.89,IS,1718296029
128,arraial do cabo,-22.9661,-42.0278,301.13,51,0,7.2,BR,1718296030
129,yuzhno-kurilsk,44.0306,145.8556,284.47,95,84,0.38,RU,1718296030
130,tsawwassen,49.018,-123.0817,290.2,70,18,1.54,CA,1718296031
131,qaqortoq,60.7167,-46.0333,279.5,67,0,1.01,GL,1718296031
132,al khaburah,23.9886,57.0984,308.9,45,75,3.85,OM,1718296032
133,filadelfia,39.9523,-75.1638,303.3,52,40,3.6,US,1718295866
134,susuman,62.7833,148.1667,285.36,60,100,7.15,RU,1718296033
135,dehdasht,30.7949,50.5646,306.33,12,0,2.64,IR,1718296034
136,tiksi,71.6872,128.8694,278.57,73,23,1.45,RU,1718296035
137,nizhniy kuranakh,58.8353,125.4869,282.4,93,36,2.05,RU,1718296035
138,nicoya,10.1483,-85.452,302.73,74,100,2.39,CR,1718296036
139,chilecito,-29.1619,-67.4974,304.07,8,15,17.2,AR,1718296037
140,klyuchi,52.2667,79.1667,294.08,65,96,2.96,RU,1718296037
141,bilibino,68.0546,166.4372,284.38,56,4,0.77,RU,1718296038
142,ronne,55.1009,14.7066,287.1,62,8,5.66,DK,1718296039
143,chonchi,-42.6128,-73.8092,285.99,97,99,1.75,CL,1718296040
144,smithers,54.7804,-127.1743,280.33,70,75,1.54,CA,1718296040
145,olonkinbyen,70.9221,-8.7187,274.72,90,43,4.48,SJ,1718296041
146,nieuw amsterdam,5.8833,-55.0833,301.52,77,44,3.09,SR,1718296042
147,el porvenir,13.7617,-87.3458,302.78,71,100,2.0,HN,1718296043
148,emmett,43.8735,-116.4993,297.24,30,0,1.89,US,1718296043
149,jinchang,38.4953,102.1739,295.33,39,100,4.67,CN,1718296044
150,marsh harbour,26.5412,-77.0636,300.8,82,100,8.51,BS,1718296045
151,manadhoo,5.7667,73.3833,302.01,77,22,6.57,MV,1718296045
152,hajin,34.6927,40.827,313.82,9,0,8.26,SY,1718296046
153,bukama,-9.2,25.85,300.56,34,0,1.67,CD,1718296046
154,badger,64.8,-147.5333,286.47,83,75,4.63,US,1718296047
155,labasa,-16.4167,179.3833,296.72,94,38,1.11,FJ,1718296047
156,truth or consequences,33.1284,-107.2528,307.28,13,0,2.57,US,1718296048
157,puerto natales,-51.7236,-72.4875,280.4,65,75,14.4,CL,1718296049
158,manokwari,-0.8667,134.0833,299.29,84,99,3.88,ID,1718295970
159,nuuk,64.1835,-51.7216,279.49,61,20,4.63,GL,1718296050
160,carrigaline,51.8117,-8.3986,291.01,63,75,6.17,IE,1718296051
161,punta arenas,-53.15,-70.9167,278.21,81,40,15.43,CL,1718296052
162,newquay,50.4132,-5.0819,287.39,100,75,9.26,GB,1718296052
163,lorengau,-2.0226,147.2712,299.41,83,99,0.41,PG,1718296053
164,longyearbyen,78.2186,15.6401,277.06,70,40,8.75,SJ,1718295926
165,hamilton,39.1834,-84.5333,302.59,46,0,3.09,US,1718295871
166,pahlgam,34.0333,75.3333,283.34,74,91,3.64,IN,1718296055
167,port elizabeth,-33.918,25.5701,288.88,89,0,1.54,ZA,1718296056
168,avarua,-21.2078,-159.775,295.18,83,20,2.06,CK,1718296057
169,nova sintra,14.8667,-24.7167,295.95,83,100,10.13,CV,1718296057
170,buka,40.8108,69.1986,297.56,23,45,4.39,UZ,1718296058
171,brookings,44.3114,-96.7984,294.88,88,20,0.0,US,1718296059
172,castillos,-34.1667,-53.8333,295.14,68,100,5.83,UY,1718296060
173,gakem,6.7658,8.9881,304.23,64,99,2.16,NG,1718296060
174,kavieng,-2.5744,150.7967,300.73,75,94,2.15,PG,1718296061
175,kruisfontein,-34.0033,24.7314,286.97,79,4,1.8,ZA,1718296062
176,flying fish cove,-10.4217,105.6791,298.97,88,75,3.09,CX,1718296062
177,fada,9.5667,8.3,303.51,51,56,2.04,NG,1718296063
178,howard springs,-12.497,131.047,293.1,95,84,0.98,AU,1718296063
179,pitimbu,-7.4706,-34.8086,303.48,76,100,6.08,BR,1718296064
180,luderitz,-26.6481,15.1594,291.58,60,0,2.37,NA,1718296065
181,island harbour,50.724,-1.2758,287.71,83,100,1.79,GB,1718296065
182,hithadhoo,-0.6,73.0833,301.97,69,24,2.38,MV,1718296066
183,cabedelo,-6.9811,-34.8339,303.52,76,100,6.31,BR,1718296067
184,kapuskasing,49.4169,-82.4331,291.2,82,100,2.06,CA,1718296068
185,nuku'alofa,-21.1333,-175.2,298.34,94,75,3.09,TO,1718296068
186,kiunga,-6.1219,141.2906,295.97,99,96,1.04,PG,1718296069
187,lerwick,60.1545,-1.1494,284.15,71,88,4.93,GB,1718296070
188,kyzyl-mazhalyk,51.1333,90.6,293.66,54,100,6.71,RU,1718296071
189,pimentel,-6.8367,-79.9342,295.31,68,0,2.06,PE,1718296071
190,burang,30.25,81.1667,280.79,41,0,3.08,CN,1718296072
191,holualoa,19.6228,-155.9522,295.06,94,20,3.6,US,1718296073
192,labrador city,52.9463,-66.9114,297.14,39,75,7.2,CA,1718296074
193,sinop,41.7711,34.8709,295.39,68,6,2.03,TR,1718296074
194,san julian,21.0167,-102.1667,297.85,35,97,3.22,MX,1718296076
195,road town,18.4167,-64.6167,304.17,74,75,3.6,VG,1718295907
196,bardai,11.65,7.2333,309.77,24,38,3.46,NG,1718296077
197,kone,-21.0595,164.8658,293.5,57,77,3.48,NC,1718296078
198,naantali,60.4674,22.0243,288.89,58,20,5.66,FI,1718296079
199,enewetak,11.3474,162.3373,301.23,80,100,9.42,MH,1718296079
200,norrtalje,59.758,18.705,287.5,63,100,3.57,SE,1718296080
201,kerikeri,-35.2268,173.9474,289.21,95,100,4.47,NZ,1718296080
202,tevriz,57.509,72.4042,293.07,95,77,1.8,RU,1718296081
203,general acha,-37.377,-64.6043,292.4,60,100,5.02,AR,1718296082
204,antsohihy,-14.8796,47.9875,296.38,79,18,1.91,MG,1718296082
205,bamboo flat,11.7,92.7167,301.2,89,40,3.6,IN,1718296083
206,vitebsk,55.1905,30.2033,293.51,40,0,3.0,BY,1718296084
207,jamestown,42.097,-79.2353,300.92,53,40,4.63,US,1718295817
208,ciudad lazaro cardenas,17.9583,-102.2,303.39,57,100,1.46,MX,1718296086
209,georgetown,5.4112,100.3354,304.12,70,20,3.09,MY,1718295804
210,vilyuysk,63.7553,121.6247,290.37,51,61,1.34,RU,1718296087
211,st. john's,47.5649,-52.7093,292.75,76,20,10.8,CA,1718296088
212,guerrero negro,27.9769,-114.0611,293.28,68,35,7.61,MX,1718296089
213,dashiqiao,40.6373,122.5025,293.21,95,100,3.86,CN,1718296089
214,bowen,-20.0167,148.2333,288.02,75,0,2.55,AU,1718296090
215,urangan,-25.3,152.9,286.04,77,4,1.79,AU,1718296091
216,fort bragg,35.139,-79.006,304.51,50,0,3.09,US,1718296091
217,pisco,-13.7,-76.2167,291.18,82,100,1.54,PE,1718296092
218,kirensk,57.7853,108.1119,290.35,69,32,2.24,RU,1718296093
219,buncrana,55.1333,-7.45,288.02,97,100,5.97,IE,1718296094
220,boende,-0.2167,20.8667,304.28,49,92,0.66,CD,1718296094
221,inarajan village,13.2736,144.7484,300.23,93,77,6.66,GU,1718296095
222,hillsborough,37.5741,-122.3794,293.26,82,20,4.47,US,1718295896
223,vernon,50.2581,-119.2691,291.44,44,2,0.51,CA,1718296096
224,kilimatinde,-5.85,34.95,295.37,43,4,1.02,TZ,1718296097
225,walvis bay,-22.9575,14.5053,301.68,21,0,4.12,NA,1718296097
226,forster,-32.1667,152.5167,286.09,78,100,4.46,AU,1718296098
227,tebessa,35.4042,8.1242,300.75,30,75,4.63,DZ,1718296099
228,laojunmiao,39.8333,97.7333,294.63,29,100,1.13,CN,1718296100
229,hami,42.8,93.45,303.85,18,13,3.08,CN,1718296100
230,pandan,14.0453,124.1694,300.11,87,13,1.27,PH,1718296101
231,egilsstadir,65.2653,-14.3948,285.1,54,20,7.72,IS,1718296102
232,duba,27.3513,35.6901,305.76,50,0,4.45,SA,1718296102
233,salalah,17.0151,54.0924,303.2,84,75,5.14,OM,1718296103
234,westport,41.1415,-73.3579,302.63,55,0,4.12,US,1718295976
235,le grazie di ancona,43.6008,13.5153,294.26,70,75,3.6,IT,1718296104
236,la passe,45.5549,-0.8967,295.28,60,100,3.94,FR,1718296105
237,weiser,44.251,-116.9693,296.36,34,0,0.89,US,1718296106
238,axim,4.8699,-2.2405,300.73,74,54,5.35,GH,1718296107
239,thurgoona,-36.0451,146.9919,278.6,100,99,0.45,AU,1718296107
240,acarau,-2.8856,-40.12,303.17,63,14,6.72,BR,1718296108
241,mount isa,-20.7333,139.5,288.02,44,0,2.06,AU,1718296110
242,moose jaw,50.4001,-105.5344,288.3,67,100,8.75,CA,1718296110
243,mundri,-6.9558,111.71,298.3,86,45,0.82,ID,1718296111
244,la gi,10.6667,107.7833,302.4,73,64,3.28,VN,1718296111
245,new norfolk,-42.7826,147.0587,280.33,89,100,0.55,AU,1718296112
246,sitka,57.0531,-135.33,283.09,81,40,2.06,US,1718296113
247,mount pearl,47.5166,-52.7813,292.29,75,20,10.8,CA,1718296115
248,ibiza,38.9088,1.433,298.27,72,20,4.63,ES,1718296116
249,quesnel,52.9999,-122.5029,285.43,50,0,2.57,CA,1718296116
250,klaksvik,62.2266,-6.589,284.66,80,92,9.03,FO,1718296117
251,broken hill,-31.95,141.4333,285.31,57,100,2.81,AU,1718295851
252,amparafaravola,-17.5833,48.2167,291.15,75,33,1.61,MG,1718296118
253,tura,25.5198,90.2201,298.47,93,96,3.62,IN,1718296119
254,bedford,52.1346,-0.4663,289.15,82,75,7.72,GB,1718296120
255,tabou,4.423,-7.3528,299.92,81,56,5.19,CI,1718296121
256,ambovombe,-25.1667,46.0833,293.89,89,8,5.02,MG,1718296121
257,luau,-10.7073,22.2247,296.88,32,3,2.06,AO,1718296122
258,parauapebas,-6.0675,-49.9022,305.14,51,40,4.63,BR,1718296123
259,khark,29.2614,50.3306,306.49,53,0,4.47,IR,1718296124
260,kyabram,-36.3167,145.05,279.75,72,88,2.42,AU,1718296124
261,queenstown,-31.8976,26.8753,284.33,40,0,1.02,ZA,1718296125
262,fairhope,30.523,-87.9033,305.52,53,0,2.57,US,1718296126
263,hermanus,-34.4187,19.2345,286.93,80,17,0.98,ZA,1718296126
264,asheboro,35.7079,-79.8136,302.6,58,40,0.45,US,1718295845
265,dudinka,69.4058,86.1778,283.53,86,100,4.47,RU,1718296127
266,khulm,36.6974,67.6983,307.78,15,0,4.15,AF,1718296128
267,kingston,17.997,-76.7936,305.68,66,20,8.75,JM,1718296118
268,sao miguel do araguaia,-13.275,-50.1628,306.67,21,0,4.68,BR,1718296129
269,bikenibeu village,1.3673,173.1241,301.13,83,0,2.06,KI,1718296130
270,dalandzadgad,43.5708,104.425,292.08,24,21,3.89,MN,1718296131
271,tadine,-21.55,167.8833,293.85,69,0,6.4,NC,1718296132
272,al bawiti,28.3492,28.8659,313.46,8,0,6.08,EG,1718296132
273,tumpat,6.1978,102.171,302.14,79,20,1.03,MY,1718296133
274,coquimbo,-29.9533,-71.3436,287.0,100,75,1.54,CL,1718296090
275,talnakh,69.4865,88.3972,283.26,78,82,3.89,RU,1718296134
276,rabo de peixe,37.8,-25.5833,294.88,83,20,5.14,PT,1718296046
277,salekhard,66.53,66.6019,291.7,63,94,4.02,RU,1718295850
278,vorgashor,67.5833,63.95,280.82,100,100,0.48,RU,1718296137
279,miranda,3.2499,-76.2281,300.22,71,75,1.82,CO,1718296137
280,okondja,-0.6549,13.6753,304.56,48,53,0.02,GA,1718296138
281,muroto-misakicho,33.2833,134.15,295.31,85,56,2.13,JP,1718296139
282,coruripe,-10.1256,-36.1756,299.73,79,65,4.71,BR,1718296057
283,west bay,19.3667,-81.4167,299.19,100,75,3.09,KY,1718296141
284,rongelap,11.1635,166.8941,301.06,80,100,9.4,MH,1718296141
285,amfissa,38.525,22.3731,308.42,21,76,2.86,GR,1718296142
286,happy valley-goose bay,53.3168,-60.3315,296.32,56,75,3.09,CA,1718296143
287,saldanha,-33.0117,17.9442,290.18,82,4,4.3,ZA,1718296143
288,akureyri,65.6835,-18.0878,292.11,37,0,2.57,IS,1718296144
289,saint-denis,48.9167,2.3333,294.58,40,0,6.17,FR,1718296144
290,deqen,29.9618,90.7188,285.72,68,66,1.83,CN,1718296145
291,antsiranana,-12.2787,49.2917,297.29,80,57,1.29,MG,1718296146
292,scottburgh,-30.2867,30.7532,291.55,77,74,1.33,ZA,1718296147
293,caleta de carquin,-11.0925,-77.6267,293.07,74,53,4.45,PE,1718296147
294,ribadavia,42.288,-8.1436,295.24,51,99,3.32,ES,1718296148
295,cromwell,41.5951,-72.6454,303.21,49,0,3.09,US,1718296149
296,lamesa,32.7376,-101.951,304.0,51,0,4.65,US,1718295942
297,edeia,-17.3383,-49.9314,303.88,26,0,4.5,BR,1718296150
298,potosi,-19.5836,-65.7531,287.63,21,53,4.12,BO,1718296152
299,bayganin,48.6947,55.8742,302.1,36,100,4.1,KZ,1718296152
300,kapa'a,22.0752,-159.319,297.33,83,40,5.14,US,1718296065
301,pontes e lacerda,-15.2261,-59.3353,307.8,21,52,4.77,BR,1718296101
302,waitara,-38.925,174.25,288.42,86,100,7.86,NZ,1718296154
303,pagar alam,-4.0167,103.2667,294.44,98,100,0.72,ID,1718296056
304,ghat,24.9647,10.1728,313.74,6,0,6.19,LY,1718296156
305,beni saf,35.301,-1.3823,301.31,56,15,5.19,DZ,1718296156
306,khandyga,62.6667,135.6,283.68,92,93,1.58,RU,1718296157
307,papao,-17.75,-149.55,296.97,83,49,8.2,PF,1718296158
308,al jawf,29.5,38.75,309.95,8,0,3.62,SA,1718296158
309,santiago,-33.4569,-70.6483,284.84,75,100,5.66,CL,1718296034
310,gizo,-8.103,156.8419,300.81,81,76,5.95,SB,1718296159
311,pachino,36.7186,15.0907,297.84,66,68,2.42,IT,1718296160
312,illizi,26.4833,8.4667,318.04,5,6,8.86,DZ,1718296160
313,quebo,11.3333,-14.9333,306.44,48,99,5.25,GW,1718296161
314,bridgewater,44.3835,-64.5155,297.65,67,18,8.23,CA,1718296161
315,tobruk,32.0836,23.9764,303.44,40,1,3.4,LY,1718296162
316,sola,-13.8833,167.55,299.04,80,74,6.48,VU,1718296162
317,pingliang,35.5392,106.6861,293.0,54,98,2.87,CN,1718296162
318,heroica guaymas,27.9333,-110.9,301.8,79,75,5.14,MX,1718296163
319,cidade velha,14.9167,-23.6167,301.41,54,20,10.29,CV,1718296163
320,likiep,9.8251,169.3107,301.24,79,100,9.36,MH,1718296164
321,port augusta,-32.5,137.7667,288.88,54,95,4.95,AU,1718296164
322,lazaro cardenas,17.9583,-102.2,303.39,57,100,1.46,MX,1718296086
323,shihezi,44.3,86.0333,292.93,80,100,3.98,CN,1718296165
324,takoradi,4.8845,-1.7554,300.6,76,51,5.63,GH,1718296166
325,magistral'nyy,56.1725,107.4458,286.69,83,69,1.17,RU,1718296166
326,kushiro,42.975,144.3747,287.68,94,75,2.06,JP,1718296166
327,dalbandin,28.8947,64.4101,309.47,9,1,3.48,PK,1718296167
328,macka,40.8186,39.6136,297.79,75,0,1.05,TR,1718296167
329,alice springs,-23.7,133.8833,282.9,81,0,3.09,AU,1718296168
330,mata-utu,-13.2816,-176.1745,300.91,80,7,3.65,WF,1718296168
331,kasongo-lunda,-6.4667,16.8167,305.96,31,56,1.38,CD,1718296169
332,kas,36.2018,29.6377,309.18,34,0,3.75,TR,1718296170
333,sungai raya,0.7,108.9,298.81,89,99,1.38,ID,1718296170
334,leua,48.2156,18.6071,290.93,73,98,1.61,SK,1718296171
335,cromer,52.9312,1.2989,289.34,75,100,5.16,GB,1718296172
336,sosnovo-ozerskoye,52.5249,111.5418,282.05,89,96,1.11,RU,1718296172
337,isangel,-19.55,169.2667,295.04,75,1,3.28,VU,1718296173
338,chulym,55.0997,80.9572,291.55,82,9,2.0,RU,1718296173
339,kaa-khem,51.6833,94.7333,293.93,33,30,2.82,RU,1718296174
340,oyem,1.5995,11.5793,298.65,85,98,0.76,GA,1718296174
341,ishigaki,24.3448,124.1572,301.22,100,40,5.14,JP,1718296175
342,mokhsogollokh,61.4681,128.9203,283.83,86,39,1.26,RU,1718296175
343,aquin,18.2833,-73.4,302.19,71,69,3.84,HT,1718296176
344,prado,-17.3411,-39.2208,299.55,70,28,4.4,BR,1718296177
345,basavana bagevadi,16.5833,75.9667,298.54,74,31,8.54,IN,1718296178
346,andergrove,-21.0833,149.1833,284.62,65,0,3.19,AU,1718296179
347,saint-francois,46.4154,3.9054,294.49,45,0,2.57,FR,1718296179
348,kota belud,6.351,116.4305,298.7,85,71,2.35,MY,1718296180
349,preili,56.2944,26.7246,290.41,60,52,3.87,LV,1718296181
350,shelburne,44.0787,-80.2041,298.57,86,100,6.47,CA,1718296182
351,brak,27.5496,14.2714,315.97,6,0,4.26,LY,1718296183
352,mbeni,-11.5014,43.3775,296.08,68,37,5.46,KM,1718296183
353,la plata,-34.9215,-57.9545,295.18,54,100,8.03,AR,1718296098
354,maua,-23.6678,-46.4614,302.04,77,0,4.44,BR,1718295975
355,lompoc,34.6391,-120.4579,291.87,86,100,0.89,US,1718296185
356,sedalia,38.7045,-93.2283,302.1,61,0,6.17,US,1718295783
357,majene,-3.5403,118.9707,297.91,88,99,1.82,ID,1718296186
358,tsiombe,-25.3,45.4833,293.63,90,12,3.63,MG,1718296187
359,taunggyi,20.7833,97.0333,292.87,95,86,2.42,MM,1718296188
360,ust-nera,64.5667,143.2,283.77,85,100,1.66,RU,1718296188
361,ludza,56.55,27.7167,291.67,47,56,1.67,LV,1718296189
362,valparaiso,-33.0393,-71.6273,288.15,89,100,10.29,CL,1718296034
363,remire-montjoly,4.9167,-52.2667,304.17,70,20,6.69,GF,1718296190
364,anna regina,7.2644,-58.5077,301.5,72,53,3.14,GY,1718296191
365,carbonear,47.7332,-53.2148,293.01,78,41,9.07,CA,1718296191
366,san fernando de apure,7.8878,-67.4724,300.69,84,100,2.82,VE,1718296192
367,la mira,18.035,-102.3266,303.61,53,99,2.34,MX,1718296192
368,siwana,25.6333,72.4167,307.36,34,0,6.49,IN,1718296193
369,pantai remis,4.4557,100.6288,302.16,82,83,3.37,MY,1718296193
370,eilat,29.5581,34.9482,316.06,9,0,6.17,IL,1718296194
371,fortuna,40.5982,-124.1573,285.34,95,100,3.09,US,1718296194
372,wynyard,-41.0,145.7167,280.14,82,94,3.42,AU,1718296195
373,caburan,5.9181,125.6411,297.45,83,98,2.93,PH,1718296195
374,ancud,-41.8697,-73.8203,284.79,89,100,5.41,CL,1718296196
375,antofagasta,-23.65,-70.4,292.75,76,69,2.92,CL,1718295977
376,anak,38.5108,125.4942,292.5,78,2,1.22,KP,1718296197
377,ntoum,0.3833,9.7833,300.7,74,94,3.46,GA,1718296197
378,trashi yangtse,27.6116,91.498,292.14,99,93,0.39,BT,1718296198
379,lensk,60.7253,114.9278,289.2,59,9,1.42,RU,1718296198
380,tutoia,-2.7619,-42.2744,304.22,55,17,4.92,BR,1718296198
381,vryburg,-26.9566,24.7284,289.52,29,0,1.39,ZA,1718295967
382,kenai,60.5544,-151.2583,284.27,68,100,3.6,US,1718296200
383,christchurch,-43.5333,172.6333,282.54,90,100,1.79,NZ,1718296025
384,mahibadhoo,3.7833,72.9667,302.13,77,100,5.41,MV,1718296201
385,bam,29.106,58.357,306.72,14,65,7.4,IR,1718296202
386,taltal,-25.4,-70.4833,290.15,63,41,1.1,CL,1718296203
387,ar ruways,24.1103,52.7306,306.11,52,4,2.77,AE,1718296204
388,ketchikan,55.3422,-131.6461,284.45,71,100,2.06,US,1718296205
389,mugia,43.1041,-9.2179,290.88,98,100,8.38,ES,1718296206
390,maxixe,-23.8597,35.3472,294.05,73,40,1.54,MZ,1718296206
391,colchani,-20.3,-66.9333,281.21,39,23,8.02,BO,1718296207
392,saynshand,44.8824,110.1163,291.19,40,24,5.03,MN,1718296207
393,dali,25.7,100.1833,291.2,94,57,2.29,CN,1718296208
394,dakhla,23.6848,-15.958,296.16,64,4,12.86,EH,1718295970
395,holmes chapel,53.2014,-2.3574,285.77,80,40,3.6,GB,1718296209
396,awjilah,29.1081,21.2869,314.13,8,0,4.21,LY,1718296209
397,santana,-0.0583,-51.1817,304.25,70,40,6.17,BR,1718296210
398,lewis center,40.1984,-83.0102,301.29,52,75,4.63,US,1718296210
399,utrik,11.2278,169.8474,301.27,74,97,8.28,MH,1718296211
400,nefta,33.8731,7.8777,309.29,21,95,5.48,TN,1718296211
401,ostrow wielkopolski,51.655,17.8069,285.24,91,88,2.86,PL,1718296212
402,polyarnyy,69.1989,33.4478,280.9,73,25,6.14,RU,1718296123
403,turpan,42.9333,89.1667,306.25,26,70,2.59,CN,1718296212
404,guarapari,-20.6667,-40.4975,299.05,65,0,7.99,BR,1718296214
405,sedona,34.8697,-111.761,305.32,13,0,0.45,US,1718296214
406,alaghsas,17.0187,8.0168,316.09,10,20,0.51,NE,1718296215
407,hobyo,5.3505,48.5268,299.63,79,74,11.07,SO,1718296215
408,baiti,13.745,-14.7482,312.77,20,25,3.1,SN,1718296216
409,ezhva,61.8128,50.7283,298.03,73,0,2.0,RU,1718296216
410,iguape,-24.7081,-47.5553,300.62,42,1,0.77,BR,1718296217
411,fonte boa,-2.4959,-66.2662,300.34,87,49,2.64,BR,1718296217
412,argo,37.6333,22.7333,304.7,21,100,1.26,GR,1718296218
413,baiyin,36.5583,104.2081,291.98,51,81,5.38,CN,1718296219
414,sima,53.9202,102.0442,285.76,84,46,0.28,RU,1718296219
415,chemax,20.65,-87.9333,306.26,58,100,2.71,MX,1718296220
416,rio grande,-32.035,-52.0986,299.23,69,100,4.91,BR,1718296220
417,aur,8.1499,171.1687,300.88,80,100,8.75,MH,1718296221
418,hammerfest,70.6634,23.6821,282.4,76,75,5.66,NO,1718295952
419,cullowhee,35.3137,-83.1765,301.66,64,0,0.0,US,1718296085
420,parkes,-33.1333,148.1833,280.57,81,100,1.08,AU,1718296222
421,severo-yeniseyskiy,60.3725,93.0408,289.03,63,73,0.45,RU,1718296223
422,bakanas,44.8081,76.2772,295.05,37,71,2.5,KZ,1718296223
423,puerto carreno,6.189,-67.4859,301.14,83,40,3.09,CO,1718296224
424,kuusamo,65.9667,29.1833,289.17,55,75,3.6,FI,1718296165
425,uliastay,47.7417,96.8444,286.14,55,94,2.11,MN,1718296225
426,porbandar,21.6422,69.6093,303.17,76,0,5.54,IN,1718295993
427,dawson creek,55.7666,-120.2362,286.95,38,40,5.66,CA,1718296226
428,avra valley,32.4379,-111.3154,310.72,9,80,3.12,US,1718296226
429,tahara,34.6667,137.2667,296.12,50,0,0.37,JP,1718296227
430,cannonvale,-20.2833,148.7,292.81,76,0,4.08,AU,1718296227
431,fang,19.9169,99.2145,295.88,98,99,0.99,TH,1718296227
432,gore,-46.1028,168.9436,279.45,99,100,1.01,NZ,1718296228
433,arauquita,7.0292,-71.4281,302.32,70,67,2.15,CO,1718296228
434,tapes,-30.6733,-51.3958,296.82,64,100,4.6,BR,1718296229
435,kayangel,8.0823,134.7173,301.42,78,100,3.14,PW,1718296229
436,piton saint-leu,-21.2196,55.3151,296.21,61,94,3.09,RE,1718296230
437,uto,32.6833,130.6667,295.67,85,100,1.24,JP,1718296230
438,dives-sur-mer,49.2818,-0.1013,291.7,72,100,6.53,FR,1718296231
439,fomboni,-12.28,43.7425,299.25,67,19,6.86,KM,1718296231
440,newman,37.3138,-121.0208,296.62,62,0,1.34,US,1718296231
441,raposa,-6.5167,-44.1833,305.89,29,100,4.1,BR,1718296232
442,labytnangi,66.6572,66.4183,291.69,63,98,2.67,RU,1718296232
443,las veredas,23.1388,-109.7075,301.46,66,0,7.2,MX,1718296233
444,bou ismail,36.6426,2.6901,298.97,59,0,4.88,DZ,1718296233
445,copala,16.65,-98.9833,299.65,83,99,5.01,MX,1718296234
446,urziceni,44.7167,26.6333,306.61,37,42,2.14,RO,1718296234
447,zaozersk,69.4005,32.4476,278.48,83,99,4.8,RU,1718296235
448,san luis de la loma,17.2706,-100.8939,303.79,62,95,2.87,MX,1718296235
449,touros,-5.1989,-35.4608,302.24,65,71,6.11,BR,1718296236
450,fort st. john,56.2499,-120.8529,284.09,87,75,4.63,CA,1718296222
451,kerman,30.2832,57.0788,301.07,23,40,2.06,IR,1718296237
452,new london,41.4834,-72.0662,303.07,65,0,2.68,US,1718296237
453,lethem,3.3803,-59.7968,302.3,73,100,2.58,GY,1718296238
454,floro,61.5996,5.0328,285.19,58,40,2.57,NO,1718296238
455,fisterra,42.9049,-9.2629,290.79,97,100,7.48,ES,1718296239
456,nabire,-3.3667,135.4833,297.11,93,97,1.71,ID,1718296239
457,malango,-2.9627,119.9001,292.97,99,100,0.47,ID,1718296240
458,caconda,-13.7333,15.0667,290.84,22,0,1.54,AO,1718296240
459,carutapera,-1.195,-46.02,302.14,71,37,4.47,BR,1718296241
460,nadi,-17.8,177.4167,293.15,88,20,1.03,FJ,1718296241
461,opuwo,-18.0607,13.84,292.61,19,0,4.3,NA,1718296242
462,shangmei,27.7428,111.2956,298.97,87,14,0.72,CN,1718296242
463,robore,-18.3333,-59.75,304.2,48,63,9.26,BO,1718296243
464,urucui,-7.2294,-44.5561,308.04,28,77,4.91,BR,1718296243
465,whitehaven,54.549,-3.5841,285.18,82,100,4.92,GB,1718296244
466,antalaha,-14.9003,50.2788,295.81,90,9,3.43,MG,1718296245
467,barranca,-10.75,-77.7667,292.84,72,70,3.97,PE,1718296095
468,nguigmi,14.2495,13.1092,308.09,34,0,5.54,NE,1718296246
469,eau claire,44.8114,-91.4985,296.58,77,0,3.13,US,1718296246
470,dhidhdhoo,6.8833,73.1,302.15,77,100,6.05,MV,1718295972
471,vila velha,-20.3297,-40.2925,300.12,61,75,3.6,BR,1718296192
472,bom jesus,-9.0744,-44.3586,308.8,28,26,4.49,BR,1718296248
473,mersa matruh,31.3525,27.2453,302.26,61,0,6.17,EG,1718296248
474,springfield,37.2153,-93.2982,302.42,67,0,5.14,US,1718295808
475,erenhot,43.6475,111.9767,291.44,42,30,4.67,CN,1718296249
476,ibipeba,-11.6408,-42.0111,303.12,31,6,5.32,BR,1718296250
477,yanykurgan,43.915,67.2481,299.64,27,0,6.1,KZ,1718296251
478,muang phonsavan,19.45,103.2167,292.85,99,100,0.75,LA,1718296252
479,hakui,36.8833,136.7833,294.64,84,0,1.36,JP,1718296254
480,nordholz,53.7833,8.6,288.61,75,100,3.75,DE,1718296255
481,banda aceh,5.5577,95.3222,300.93,78,71,4.79,ID,1718296256
482,chikhli,20.35,76.25,302.94,57,90,2.7,IN,1718296257
483,oppdal,62.5943,9.6912,285.85,65,96,6.05,NO,1718296258
484,burg auf fehmarn,54.4333,11.2,287.62,73,99,6.38,DE,1718296259
485,korba,22.35,82.6833,306.33,40,48,2.98,IN,1718296259
486,skipton,53.9614,-2.0168,285.61,92,100,5.03,GB,1718296260
487,altai,46.3722,96.2583,286.48,59,100,0.84,MN,1718296260
488,champerico,14.3,-91.9167,302.45,88,100,4.95,GT,1718296260
489,catalina,32.5056,-110.9211,308.09,13,99,0.45,US,1718296154
490,kismayo,-0.3582,42.5454,298.93,77,25,7.2,SO,1718296262
491,zhangjiakou,40.81,114.8794,294.17,47,100,1.81,CN,1718296262
492,kzyltu,53.6364,72.3414,294.07,70,98,2.86,KZ,1718296263
493,tanout,14.9709,8.8879,312.78,15,7,1.84,NE,1718296263
494,quiindy,-25.9667,-57.2667,304.51,32,69,8.15,PY,1718296264
495,santo antonio do ica,-3.1022,-67.9397,300.77,90,65,1.25,BR,1718296265
496,magadan,59.5667,150.8,284.56,88,7,0.56,RU,1718296265
497,nagqu,31.5,92.0,280.68,77,87,3.09,CN,1718296266
498,alofi,-19.0595,-169.9187,298.09,88,17,2.57,NU,1718296266
499,necochea,-38.5473,-58.7368,292.17,89,100,3.58,AR,1718296194
500,persembe,41.0656,37.7714,298.83,81,1,1.32,TR,1718296268
501,save,8.0425,2.486,302.84,64,89,3.25,BJ,1718296268
502,mossel bay,-34.1831,22.146,287.11,83,13,3.23,ZA,1718296269
503,victorica,-36.2151,-65.4359,293.71,42,100,7.13,AR,1718296270
504,mbandaka,0.0487,18.2603,300.16,60,97,1.87,CD,1718296271
505,nueva palestina,15.8,-92.75,295.89,95,100,0.41,MX,1718296271
506,yaren,-0.5472,166.916,302.01,71,63,4.55,NR,1718296272
507,puerto baquerizo moreno,-0.9,-89.6,298.7,65,20,4.63,EC,1718296060
508,veraval,20.9,70.3667,303.0,79,5,6.47,IN,1718296273
509,gaimersheim,48.807,11.368,292.1,40,40,2.06,DE,1718296273
510,kalmunai,7.4167,81.8167,301.66,74,100,2.26,LK,1718296274
511,yanchep,-31.55,115.6833,286.45,78,81,2.74,AU,1718296274
512,tehuitzingo,16.9408,-99.1719,300.68,76,98,1.97,MX,1718296275
513,paramonga,-10.6667,-77.8333,293.43,73,66,4.53,PE,1718296275
514,porto novo,6.4965,2.6036,304.05,71,58,3.96,BJ,1718296276
515,yeniseysk,58.4497,92.1703,291.45,67,16,1.34,RU,1718296276
516,khuzdar,27.7384,66.6434,304.64,27,73,5.15,PK,1718296277
517,hampton bays,40.869,-72.5176,298.87,76,0,5.66,US,1718296278
518,yerofey pavlovich,53.9667,121.9667,284.08,76,50,1.37,RU,1718296278
519,byron bay,-28.65,153.6167,281.88,83,26,4.21,AU,1718296279
520,borinskoye,52.4569,39.3713,296.13,87,9,3.11,RU,1718296279
521,la ronge,55.1001,-105.2842,285.29,87,100,2.57,CA,1718296280
522,rikaze,29.25,88.8833,289.33,44,3,2.35,CN,1718296280
523,nar'yan-mar,67.6713,53.087,288.77,64,100,4.92,RU,1718296281
524,sisimiut,66.9395,-53.6735,276.29,68,10,2.02,GL,1718296281
525,trujillo,-8.116,-79.03,292.13,82,75,4.12,PE,1718296086
526,dickinson,29.4608,-95.0513,307.11,78,75,3.6,US,1718296283
527,kedougou,12.5579,-12.1743,310.47,44,40,3.09,SN,1718296283
528,bulford,51.1893,-1.7601,286.02,84,75,7.72,GB,1718296284
529,aykhal,66.0,111.5,282.35,92,100,9.0,RU,1718296284
530,tegueste,28.5167,-16.3167,294.07,76,75,8.05,ES,1718296288
531,longmen,24.9597,118.0889,298.49,96,100,1.33,CN,1718296289
532,wad az zaki,14.4619,32.2065,309.06,26,95,4.7,SD,1718296289
533,thunder bay,48.4001,-89.3168,294.14,64,40,3.6,CA,1718296173
534,metlili chaamba,32.2667,3.6333,308.67,21,0,5.66,DZ,1718296290
535,richards bay,-28.783,32.0377,293.42,73,57,2.73,ZA,1718296291
536,cuyo,10.8525,121.0086,301.54,76,100,1.51,PH,1718296291
537,conception bay south,47.4999,-52.9981,291.23,79,20,8.39,CA,1718296292
538,butwal,27.7006,83.4484,306.33,13,0,2.87,NP,1718296292
539,crane,31.3974,-102.3501,305.27,45,0,5.86,US,1718296293
540,sao vicente,-23.9631,-46.3919,303.86,58,0,2.24,BR,1718296293
541,rumbek,6.802,29.6912,299.96,68,41,1.66,SS,1718296294
542,madang,-5.2246,145.7966,297.22,93,67,1.89,PG,1718296294
543,athlone,53.4333,-7.95,288.26,82,77,7.31,IE,1718296295
544,xiamen,24.4798,118.0819,299.96,100,75,1.0,CN,1718296295
545,paracuru,-3.41,-39.0306,303.77,63,34,5.93,BR,1718296056
546,toumodi,6.5613,-5.0158,300.85,79,71,2.75,CI,1718296296
547,penzance,50.1186,-5.5371,287.53,86,98,7.64,GB,1718296297
548,huanren,41.2647,125.3667,289.84,98,98,2.17,CN,1718296298
549,port macquarie,-31.4333,152.9167,283.65,76,98,4.58,AU,1718296298
550,san agustin de valle fertil,-30.6335,-67.4682,302.59,7,80,18.97,AR,1718296298
551,belmonte,-15.8631,-38.8828,299.46,71,38,3.38,BR,1718296299
552,kangding,30.0513,101.9603,288.47,98,100,1.32,CN,1718296299
553,lionel town,17.8101,-77.2406,306.09,64,95,6.44,JM,1718296300
554,cadale,2.7603,46.3222,299.44,82,45,7.72,SO,1718296300
555,bovalino,38.149,16.174,299.09,60,68,5.08,IT,1718296301
556,zhanaozen,43.3,52.8,302.11,37,25,7.13,KZ,1718296301
557,selfoss,63.9331,-20.9971,287.62,69,100,5.79,IS,1718296302
558,onguday,50.75,86.15,286.36,93,45,0.83,RU,1718296302
559,port blair,11.6667,92.75,301.17,89,40,3.6,IN,1718296303
560,mahina,-17.5065,-149.489,297.02,78,20,2.06,PF,1718296303
561,twon-brass,4.3151,6.2418,300.72,79,41,5.11,NG,1718296304
562,isoka,-10.1606,32.6335,287.39,64,2,1.31,ZM,1718296305
563,pueblo nuevo,23.3833,-105.3833,297.6,37,38,2.55,MX,1718296305
564,dwarka,22.2394,68.9678,302.68,81,0,6.43,IN,1718296306
565,upata,8.0086,-62.3989,303.09,57,100,3.01,VE,1718296307
566,orkney,-26.9802,26.6727,287.6,30,0,2.21,ZA,1718296308
567,tomatlan,19.9333,-105.25,306.25,44,94,3.34,MX,1718296308
568,sao martinho,39.5144,-9.1311,293.87,73,59,4.02,PT,1718296026
569,cozumel,20.5083,-86.9458,306.19,70,75,4.12,MX,1718296310
570,newcastle,-32.9272,151.7765,286.88,74,75,3.09,AU,1718296087
571,mar del plata,-38.0023,-57.5575,296.16,73,75,7.2,AR,1718296186
572,grand falls-windsor,48.9332,-55.6649,291.76,71,87,2.68,CA,1718296312
573,paoua,7.2427,16.4406,302.77,49,56,3.84,CF,1718296312
574,sona,45.4388,10.8255,296.25,46,20,2.06,IT,1718296313
575,vila do maio,15.1333,-23.2167,301.59,85,48,9.26,CV,1718296314
576,reggane,26.7158,0.1714,318.16,6,0,5.05,DZ,1718296315
577,rucava,56.1585,21.1619,289.1,69,97,3.01,LV,1718296315
